Country Name,Country Code,Indicator Name,Indicator Code,2010,2011,2012,2013,2014,2015,2016,2017,2018,2019,2020,2021
Aruba,ABW,"Acciones negociadas, valor total (% del PIB)",CM.MKT.TRAD.GD.ZS,,,,,,,,,,,,
,AFE,"Acciones negociadas, valor total (% del PIB)",CM.MKT.TRAD.GD.ZS,,,,,,,,,,,,
Afganistán,AFG,"Acciones negociadas, valor total (% del PIB)",CM.MKT.TRAD.GD.ZS,,,,,,,,,,,,
,AFW,"Acciones negociadas, valor total (% del PIB)",CM.MKT.TRAD.GD.ZS,1.2678708,0.881994353,0.810017679,1.105067968,0.928918547,0.864923938,,,,,0.476096997,
Angola,AGO,"Acciones negociadas, valor total (% del PIB)",CM.MKT.TRAD.GD.ZS,,,,,,,,,,,,
Albania,ALB,"Acciones negociadas, valor total (% del PIB)",CM.MKT.TRAD.GD.ZS,,,,,,,,,,,,
Andorra,AND,"Acciones negociadas, valor total (% del PIB)",CM.MKT.TRAD.GD.ZS,,,,,,,,,,,,
El mundo árabe,ARB,"Acciones negociadas, valor total (% del PIB)",CM.MKT.TRAD.GD.ZS,,19.79007069,28.46870214,,39.2451881,29.58812281,21.89278491,16.92291039,14.67266737,13.03077656,29.32300182,
Emiratos Árabes Unidos,ARE,"Acciones negociadas, valor total (% del PIB)",CM.MKT.TRAD.GD.ZS,9.564827513,4.27882016,4.792385937,,35.73584007,16.08285952,13.85472654,11.45457189,6.022963982,7.011076009,10.45207988,
Argentina,ARG,"Acciones negociadas, valor total (% del PIB)",CM.MKT.TRAD.GD.ZS,0.600714181,0.462934738,0.267799853,0.405291324,0.669273861,0.453942538,0.782152499,1.024313871,0.87099876,0.658835822,0.560341435,
Armenia,ARM,"Acciones negociadas, valor total (% del PIB)",CM.MKT.TRAD.GD.ZS,,,,,,,,,,,,
Samoa Americana,ASM,"Acciones negociadas, valor total (% del PIB)",CM.MKT.TRAD.GD.ZS,,,,,,,,,,,,
Antigua y Barbuda,ATG,"Acciones negociadas, valor total (% del PIB)",CM.MKT.TRAD.GD.ZS,,,,,,,,,,,,
Australia,AUS,"Acciones negociadas, valor total (% del PIB)",CM.MKT.TRAD.GD.ZS,98.58382828,80.72655476,58.56196107,49.98183563,47.93754682,55.58070025,65.88107785,63.51515516,54.18347117,59.93207482,92.34303499,
Austria,AUT,"Acciones negociadas, valor total (% del PIB)",CM.MKT.TRAD.GD.ZS,12.45009155,8.985220814,5.774168329,6.166572813,6.488984486,8.307682432,6.707928524,9.583181481,8.663137222,7.52337905,9.181496259,
Azerbaiyán,AZE,"Acciones negociadas, valor total (% del PIB)",CM.MKT.TRAD.GD.ZS,,,,,,,,,,,,
Burundi,BDI,"Acciones negociadas, valor total (% del PIB)",CM.MKT.TRAD.GD.ZS,,,,,,,,,,,,
Bélgica,BEL,"Acciones negociadas, valor total (% del PIB)",CM.MKT.TRAD.GD.ZS,22.31271302,19.72949193,20.34159915,22.098282,20.03170024,,,,,,,
Benin,BEN,"Acciones negociadas, valor total (% del PIB)",CM.MKT.TRAD.GD.ZS,,,,,,,,,,,,
Burkina Faso,BFA,"Acciones negociadas, valor total (% del PIB)",CM.MKT.TRAD.GD.ZS,,,,,,,,,,,,
Bangladesh,BGD,"Acciones negociadas, valor total (% del PIB)",CM.MKT.TRAD.GD.ZS,4.196416302,1.729223169,1.082143069,0.823998589,9.14445348,6.977846114,5.776299475,9.022168788,5.022767497,3.737310203,3.990391767,
Bulgaria,BGR,"Acciones negociadas, valor total (% del PIB)",CM.MKT.TRAD.GD.ZS,0.744346209,0.558044064,0.66665614,1.576057728,,,,,,0.247288647,0.304180834,
Bahrein,BHR,"Acciones negociadas, valor total (% del PIB)",CM.MKT.TRAD.GD.ZS,1.118333008,0.542558965,0.905386213,1.85805127,2.149892702,0.946969261,1.032773001,1.587085144,2.565719266,1.965497498,1.707697768,
Bahamas,BHS,"Acciones negociadas, valor total (% del PIB)",CM.MKT.TRAD.GD.ZS,,,,,,,,,,,,
Bosnia y Herzegovina,BIH,"Acciones negociadas, valor total (% del PIB)",CM.MKT.TRAD.GD.ZS,,,,,,,,,,,,
Belarús,BLR,"Acciones negociadas, valor total (% del PIB)",CM.MKT.TRAD.GD.ZS,,,,,0.031796446,0.01495003,0.0385142,0.040181561,0.023654342,0.02324186,0.009839064,
Belice,BLZ,"Acciones negociadas, valor total (% del PIB)",CM.MKT.TRAD.GD.ZS,,,,,,,,,,,,
Bermudas,BMU,"Acciones negociadas, valor total (% del PIB)",CM.MKT.TRAD.GD.ZS,1.575244411,0.296703894,0.458750981,0.682054813,0.369037173,0.23006846,3.144533314,0.548001517,0.680184839,0.306460662,,
Bolivia,BOL,"Acciones negociadas, valor total (% del PIB)",CM.MKT.TRAD.GD.ZS,,,,,,,,,,,,
Brasil,BRA,"Acciones negociadas, valor total (% del PIB)",CM.MKT.TRAD.GD.ZS,41.11355814,31.53161657,33.73476412,29.91234707,26.22800819,23.30346098,31.24591877,31.13632404,40.12638023,55.44930474,94.82453544,
Barbados,BRB,"Acciones negociadas, valor total (% del PIB)",CM.MKT.TRAD.GD.ZS,0.741733594,2.515834286,0.347064356,0.13683259,0.185250471,,,,,0.259984404,0.133488716,
Brunei Darussalam,BRN,"Acciones negociadas, valor total (% del PIB)",CM.MKT.TRAD.GD.ZS,,,,,,,,,,,,
Bhután,BTN,"Acciones negociadas, valor total (% del PIB)",CM.MKT.TRAD.GD.ZS,,,,,,,,,,,,
Botswana,BWA,"Acciones negociadas, valor total (% del PIB)",CM.MKT.TRAD.GD.ZS,,,,,,,,,,,,
República Centroafricana,CAF,"Acciones negociadas, valor total (% del PIB)",CM.MKT.TRAD.GD.ZS,,,,,,,,,,,,
Canadá,CAN,"Acciones negociadas, valor total (% del PIB)",CM.MKT.TRAD.GD.ZS,86.86124037,82.18666947,73.72551366,71.67677234,74.41721891,70.41879356,75.48237193,77.6193571,79.61697308,82.23608939,61.4133326,
Europa Central y del Báltico,CEB,"Acciones negociadas, valor total (% del PIB)",CM.MKT.TRAD.GD.ZS,9.848438253,8.447087203,7.315292195,7.501495816,6.025708081,7.164130829,6.294332001,8.271522005,6.121451218,5.163400915,7.478154599,
Suiza,CHE,"Acciones negociadas, valor total (% del PIB)",CM.MKT.TRAD.GD.ZS,145.0643375,114.662417,85.53376512,98.15316326,99.95385041,136.0421363,120.3618805,134.615476,127.5725405,131.9686519,173.8393031,
Islas del Canal,CHI,"Acciones negociadas, valor total (% del PIB)",CM.MKT.TRAD.GD.ZS,,,,,,,,,,,,
Chile,CHL,"Acciones negociadas, valor total (% del PIB)",CM.MKT.TRAD.GD.ZS,26.68073418,20.40667099,17.40123072,14.87053459,10.45887661,8.113336828,9.616232025,13.78325055,14.74761235,13.18527745,15.71956283,
China,CHN,"Acciones negociadas, valor total (% del PIB)",CM.MKT.TRAD.GD.ZS,135.6582887,88.37959187,58.92010843,80.41436101,114.1627637,355.519847,162.8648487,139.90867,94.06846971,127.7856025,215.0146865,
Côte d'Ivoire,CIV,"Acciones negociadas, valor total (% del PIB)",CM.MKT.TRAD.GD.ZS,0.649782506,0.317711104,0.479859329,0.859139287,0.816862048,1.139046434,,,,0.257587088,0.275638004,
Camerún,CMR,"Acciones negociadas, valor total (% del PIB)",CM.MKT.TRAD.GD.ZS,,,,,,,,,,,,
"Congo, República Democrática del",COD,"Acciones negociadas, valor total (% del PIB)",CM.MKT.TRAD.GD.ZS,,,,,,,,,,,,
"Congo, República del",COG,"Acciones negociadas, valor total (% del PIB)",CM.MKT.TRAD.GD.ZS,,,,,,,,,,,,
Colombia,COL,"Acciones negociadas, valor total (% del PIB)",CM.MKT.TRAD.GD.ZS,7.920478802,7.746474014,8.681878938,5.341098841,4.51730583,3.947955902,5.009400067,4.44568972,4.088117397,4.30345073,3.699630275,
Comoras,COM,"Acciones negociadas, valor total (% del PIB)",CM.MKT.TRAD.GD.ZS,,,,,,,,,,,,
Cabo Verde,CPV,"Acciones negociadas, valor total (% del PIB)",CM.MKT.TRAD.GD.ZS,,,,,,,,,,,,
Costa Rica,CRI,"Acciones negociadas, valor total (% del PIB)",CM.MKT.TRAD.GD.ZS,0.109802233,0.086126628,0.071138736,0.129735869,0.233887734,0.091882066,0.061107601,0.091496398,0.074062604,0.056816709,0.048714564,
Estados pequeos del Caribe,CSS,"Acciones negociadas, valor total (% del PIB)",CM.MKT.TRAD.GD.ZS,,,,,,,,,,,,
Cuba,CUB,"Acciones negociadas, valor total (% del PIB)",CM.MKT.TRAD.GD.ZS,,,,,,,,,,,,
Curacao,CUW,"Acciones negociadas, valor total (% del PIB)",CM.MKT.TRAD.GD.ZS,,,,,,,,,,,,
Islas Caimán,CYM,"Acciones negociadas, valor total (% del PIB)",CM.MKT.TRAD.GD.ZS,0.024055863,0.060675207,0.059191468,,,0.010619461,,,0.17720309,0.059559972,0.023177082,
Chipre,CYP,"Acciones negociadas, valor total (% del PIB)",CM.MKT.TRAD.GD.ZS,2.88546368,1.629575025,1.179453697,0.172462322,0.244463301,0.65969828,0.354267358,0.302249426,0.218483587,0.217482809,0.157823783,
República Checa,CZE,"Acciones negociadas, valor total (% del PIB)",CM.MKT.TRAD.GD.ZS,10.55962416,8.977066833,8.395667662,5.795859066,5.147621328,,,,,,1.723694337,
Alemania,DEU,"Acciones negociadas, valor total (% del PIB)",CM.MKT.TRAD.GD.ZS,43.96479036,41.9704483,35.43789841,35.15480705,32.63143317,43.02535246,32.39652103,42.22873909,40.63445321,34.7277807,47.1631219,
Djibouti,DJI,"Acciones negociadas, valor total (% del PIB)",CM.MKT.TRAD.GD.ZS,,,,,,,,,,,,
Dominica,DMA,"Acciones negociadas, valor total (% del PIB)",CM.MKT.TRAD.GD.ZS,,,,,,,,,,,,
Dinamarca,DNK,"Acciones negociadas, valor total (% del PIB)",CM.MKT.TRAD.GD.ZS,,,,,,,,,,,,
República Dominicana,DOM,"Acciones negociadas, valor total (% del PIB)",CM.MKT.TRAD.GD.ZS,,,,,,,,,,,,
Argelia,DZA,"Acciones negociadas, valor total (% del PIB)",CM.MKT.TRAD.GD.ZS,,,,,,,,,,,,
Asia oriental y el Pacífico (excluido altos ingresos),EAP,"Acciones negociadas, valor total (% del PIB)",CM.MKT.TRAD.GD.ZS,112.0943361,75.1099147,52.928911,71.18183363,99.28504646,302.0358986,140.0365,121.2895499,83.72244236,111.0913694,188.1722639,
inicial del dividendo demográfico,EAR,"Acciones negociadas, valor total (% del PIB)",CM.MKT.TRAD.GD.ZS,32.21515806,23.49181355,23.99184093,22.29339257,25.85911594,25.40065623,24.65410904,27.41141173,27.00285993,25.99150402,48.6734446,
Asia oriental y el Pacífico,EAS,"Acciones negociadas, valor total (% del PIB)",CM.MKT.TRAD.GD.ZS,110.6404095,88.59717657,64.79747072,88.85658723,100.1588148,234.1855351,127.555408,123.4105516,102.855816,111.3002172,189.6648075,
Europa y Asia central (excluido altos ingresos),ECA,"Acciones negociadas, valor total (% del PIB)",CM.MKT.TRAD.GD.ZS,34.01283211,27.33105312,19.59253003,16.38462895,15.4634631,18.3500439,17.40978459,18.92588588,18.46993212,18.09386022,45.63609321,
Europa y Asia central,ECS,"Acciones negociadas, valor total (% del PIB)",CM.MKT.TRAD.GD.ZS,56.43290114,49.33250256,40.9747855,36.77403843,45.39905534,,,,,,,
Ecuador,ECU,"Acciones negociadas, valor total (% del PIB)",CM.MKT.TRAD.GD.ZS,,,,,,,,,,,,
"Egipto, República Árabe de",EGY,"Acciones negociadas, valor total (% del PIB)",CM.MKT.TRAD.GD.ZS,16.99460086,6.736544782,6.124102227,4.415257982,8.652283127,4.481359385,3.032159899,6.120812235,5.797701793,3.683716548,4.402727795,
Zona del Euro,EMU,"Acciones negociadas, valor total (% del PIB)",CM.MKT.TRAD.GD.ZS,46.32785463,42.25071036,37.15883188,37.43587926,47.1883039,47.80880401,,,,,,
Eritrea,ERI,"Acciones negociadas, valor total (% del PIB)",CM.MKT.TRAD.GD.ZS,,,,,,,,,,,,
España,ESP,"Acciones negociadas, valor total (% del PIB)",CM.MKT.TRAD.GD.ZS,96.63620815,76.15211031,65.24906205,67.51787377,72.32388006,81.83309079,52.42016422,55.9488018,43.89116862,35.9057753,38.18797235,
Estonia,EST,"Acciones negociadas, valor total (% del PIB)",CM.MKT.TRAD.GD.ZS,,,,,,,,,,,,
Etiopía,ETH,"Acciones negociadas, valor total (% del PIB)",CM.MKT.TRAD.GD.ZS,,,,,,,,,,,,
Unión Europea,EUU,"Acciones negociadas, valor total (% del PIB)",CM.MKT.TRAD.GD.ZS,43.4355793,39.51975513,34.74215581,35.00055312,43.92813562,,,,,,,
Frágiles y situaciones de conflicto afectados,FCS,"Acciones negociadas, valor total (% del PIB)",CM.MKT.TRAD.GD.ZS,,,,,,,,,,,,
Finlandia,FIN,"Acciones negociadas, valor total (% del PIB)",CM.MKT.TRAD.GD.ZS,,,,,,,,,,,,
Fiji,FJI,"Acciones negociadas, valor total (% del PIB)",CM.MKT.TRAD.GD.ZS,,,,,,,,,,,,
Francia,FRA,"Acciones negociadas, valor total (% del PIB)",CM.MKT.TRAD.GD.ZS,51.04268015,46.41827161,40.03757774,39.31597997,40.91850738,54.45926102,,,,,,
Islas Feroe,FRO,"Acciones negociadas, valor total (% del PIB)",CM.MKT.TRAD.GD.ZS,,,,,,,,,,,,
Micronesia (Estados Federados de),FSM,"Acciones negociadas, valor total (% del PIB)",CM.MKT.TRAD.GD.ZS,,,,,,,,,,,,
Gabón,GAB,"Acciones negociadas, valor total (% del PIB)",CM.MKT.TRAD.GD.ZS,,,,,,,,,,,,
Reino Unido,GBR,"Acciones negociadas, valor total (% del PIB)",CM.MKT.TRAD.GD.ZS,128.9851062,113.4612761,90.85068577,59.75308155,76.34890068,,,,,,,
Georgia,GEO,"Acciones negociadas, valor total (% del PIB)",CM.MKT.TRAD.GD.ZS,,,,,,,,,,,,
Ghana,GHA,"Acciones negociadas, valor total (% del PIB)",CM.MKT.TRAD.GD.ZS,0.316175847,0.645951563,0.123573589,0.307052936,,,,,,,0.046628367,
Gibraltar,GIB,"Acciones negociadas, valor total (% del PIB)",CM.MKT.TRAD.GD.ZS,,,,,,,,,,,,
Guinea,GIN,"Acciones negociadas, valor total (% del PIB)",CM.MKT.TRAD.GD.ZS,,,,,,,,,,,,
Gambia,GMB,"Acciones negociadas, valor total (% del PIB)",CM.MKT.TRAD.GD.ZS,,,,,,,,,,,,
Guinea-Bissau,GNB,"Acciones negociadas, valor total (% del PIB)",CM.MKT.TRAD.GD.ZS,,,,,,,,,,,,
Guinea Ecuatorial,GNQ,"Acciones negociadas, valor total (% del PIB)",CM.MKT.TRAD.GD.ZS,,,,,,,,,,,,
Grecia,GRC,"Acciones negociadas, valor total (% del PIB)",CM.MKT.TRAD.GD.ZS,13.67874975,8.119890284,6.229609207,10.05023739,14.03662705,9.169315514,6.32882253,7.611888544,5.605005886,7.519624511,8.728658565,
Granada,GRD,"Acciones negociadas, valor total (% del PIB)",CM.MKT.TRAD.GD.ZS,,,,,,,,,,,,
Groenlandia,GRL,"Acciones negociadas, valor total (% del PIB)",CM.MKT.TRAD.GD.ZS,,,,,,,,,,,,
Guatemala,GTM,"Acciones negociadas, valor total (% del PIB)",CM.MKT.TRAD.GD.ZS,,,,,,,,,,,,
Guam,GUM,"Acciones negociadas, valor total (% del PIB)",CM.MKT.TRAD.GD.ZS,,,,,,,,,,,,
Guyana,GUY,"Acciones negociadas, valor total (% del PIB)",CM.MKT.TRAD.GD.ZS,,,,,,,,,,,,
Ingreso alto,HIC,"Acciones negociadas, valor total (% del PIB)",CM.MKT.TRAD.GD.ZS,131.1141646,131.9462213,104.7757153,110.309391,121.6746866,147.2484695,145.4723863,139.9223095,119.3445531,89.25991529,,
"Hong Kong, Región Administrativa Especial",HKG,"Acciones negociadas, valor total (% del PIB)",CM.MKT.TRAD.GD.ZS,650.6335682,578.2194648,409.9797661,459.5643704,497.8176975,668.6425522,421.0885007,572.307203,626.64486,501.9220593,889.9751206,
Honduras,HND,"Acciones negociadas, valor total (% del PIB)",CM.MKT.TRAD.GD.ZS,,,,,,,,,,,,
Países pobres muy endeudados (PPME),HPC,"Acciones negociadas, valor total (% del PIB)",CM.MKT.TRAD.GD.ZS,,,,,,,,,,,,
Croacia,HRV,"Acciones negociadas, valor total (% del PIB)",CM.MKT.TRAD.GD.ZS,1.737413822,1.46713837,0.948903182,0.940412005,0.840215267,0.844802684,0.607647075,0.769041304,0.397007464,0.52775907,,
Haití,HTI,"Acciones negociadas, valor total (% del PIB)",CM.MKT.TRAD.GD.ZS,,,,,,,,,,,,
Hungría,HUN,"Acciones negociadas, valor total (% del PIB)",CM.MKT.TRAD.GD.ZS,20.01530136,11.02247492,8.508135747,7.973515825,5.042359788,5.942425294,6.073269898,7.253739756,6.158610877,5.30068243,7.210771958,
Sólo BIRF,IBD,"Acciones negociadas, valor total (% del PIB)",CM.MKT.TRAD.GD.ZS,65.64392918,45.69088809,35.19046595,43.71027655,58.66307502,173.0395367,86.90037833,77.31935495,58.84662951,75.49921775,134.217439,
BIRF y la AIF,IBT,"Acciones negociadas, valor total (% del PIB)",CM.MKT.TRAD.GD.ZS,63.06169248,43.96886298,33.86172528,41.96830057,56.32918753,167.4629517,84.33968678,75.49504935,57.47554986,73.15776814,129.2563286,
total de la AIF,IDA,"Acciones negociadas, valor total (% del PIB)",CM.MKT.TRAD.GD.ZS,,,,,,,,,,,,
mezcla de la AIF,IDB,"Acciones negociadas, valor total (% del PIB)",CM.MKT.TRAD.GD.ZS,2.938268224,2.121581722,2.319342785,1.072315716,0.765072188,,,,,,,
Indonesia,IDN,"Acciones negociadas, valor total (% del PIB)",CM.MKT.TRAD.GD.ZS,13.83300461,11.81177143,10.01551189,10.83343618,10.18410275,8.717538573,9.701558798,9.109037315,10.04079732,10.53427164,12.38746676,
Sólo AIF,IDX,"Acciones negociadas, valor total (% del PIB)",CM.MKT.TRAD.GD.ZS,,,,,,,,,,,,
Isla de Man,IMN,"Acciones negociadas, valor total (% del PIB)",CM.MKT.TRAD.GD.ZS,,,,,,,,,,,,
India,IND,"Acciones negociadas, valor total (% del PIB)",CM.MKT.TRAD.GD.ZS,63.31338314,40.62758273,34.87777598,30.75278114,37.34121007,38.13433608,35.22510824,45.43920402,47.93728868,45.40246352,72.92146511,
No clasificado,INX,"Acciones negociadas, valor total (% del PIB)",CM.MKT.TRAD.GD.ZS,,,,,,,,,,,,
Irlanda,IRL,"Acciones negociadas, valor total (% del PIB)",CM.MKT.TRAD.GD.ZS,3.997534456,3.419320384,4.157092049,6.253636758,6.399912136,7.177946808,7.475211161,8.623009141,8.332437025,,,
"Irán, República Islámica del",IRN,"Acciones negociadas, valor total (% del PIB)",CM.MKT.TRAD.GD.ZS,3.489491426,2.301320544,2.338596204,8.991080948,5.075335224,2.068726791,4.081018066,2.412852201,7.920161897,22.63980291,199.725835,
Iraq,IRQ,"Acciones negociadas, valor total (% del PIB)",CM.MKT.TRAD.GD.ZS,,,,,,,,,,,,
Islandia,ISL,"Acciones negociadas, valor total (% del PIB)",CM.MKT.TRAD.GD.ZS,,,,,,,,,,,,
Israel,ISR,"Acciones negociadas, valor total (% del PIB)",CM.MKT.TRAD.GD.ZS,46.12401155,29.20786509,19.6589851,18.89359811,15.21186689,18.78546503,16.24448025,19.4320779,16.71128873,17.20602595,25.70440203,
Italia,ITA,"Acciones negociadas, valor total (% del PIB)",CM.MKT.TRAD.GD.ZS,31.17169065,36.88906771,37.49985044,35.94856615,95.08102946,,,,,,,
Jamaica,JAM,"Acciones negociadas, valor total (% del PIB)",CM.MKT.TRAD.GD.ZS,,1.77255874,4.838223787,0.497749515,0.900769399,4.31977424,2.895338727,2.31062348,3.57636115,4.957876792,0.327024399,
Jordania,JOR,"Acciones negociadas, valor total (% del PIB)",CM.MKT.TRAD.GD.ZS,31.68505208,13.20068524,8.62910644,9.947658374,8.392042759,9.212891264,6.478712784,5.637718798,5.505428146,3.786090692,3.370889937,
Japón,JPN,"Acciones negociadas, valor total (% del PIB)",CM.MKT.TRAD.GD.ZS,74.14904799,69.15098025,53.35170496,116.7072678,98.93232479,125.3456507,104.527886,117.1896145,125.1348018,99.49796029,125.7357882,
Kazajstán,KAZ,"Acciones negociadas, valor total (% del PIB)",CM.MKT.TRAD.GD.ZS,0.355534906,0.283315108,0.539907561,0.296195122,0.389132521,1.440703177,0.540272166,0.470764222,0.708877188,0.190127893,0.228696842,
Kenya,KEN,"Acciones negociadas, valor total (% del PIB)",CM.MKT.TRAD.GD.ZS,1.747648346,1.957031407,1.787515746,2.926314722,1.480396313,0.97411006,1.090448008,,,0.470224493,0.480835029,
Kirguistán,KGZ,"Acciones negociadas, valor total (% del PIB)",CM.MKT.TRAD.GD.ZS,,,,,,,,,,,,
Camboya,KHM,"Acciones negociadas, valor total (% del PIB)",CM.MKT.TRAD.GD.ZS,,,,,,,,,,,,
Kiribati,KIR,"Acciones negociadas, valor total (% del PIB)",CM.MKT.TRAD.GD.ZS,,,,,,,,,,,,
Saint Kitts y Nevis,KNA,"Acciones negociadas, valor total (% del PIB)",CM.MKT.TRAD.GD.ZS,,,,,,,,,,,,
"Corea, República de",KOR,"Acciones negociadas, valor total (% del PIB)",CM.MKT.TRAD.GD.ZS,142.4526343,154.354435,123.9549512,97.01315485,86.48412133,125.7855596,106.715417,123.8950846,142.37449,116.7374336,316.9122908,
Kuwait,KWT,"Acciones negociadas, valor total (% del PIB)",CM.MKT.TRAD.GD.ZS,,13.88996021,12.50310347,23.15717469,,23.47276269,,,,2.711444821,12.42661566,
América Latina y el Caribe (excluido altos ingresos),LAC,"Acciones negociadas, valor total (% del PIB)",CM.MKT.TRAD.GD.ZS,25.19280215,19.59987395,20.48445544,18.78265459,16.10382586,13.09888884,17.45616507,17.44445051,20.56499284,27.03286007,42.34270082,
República Democrática Popular Lao,LAO,"Acciones negociadas, valor total (% del PIB)",CM.MKT.TRAD.GD.ZS,,,,,,,,,,,,
Líbano,LBN,"Acciones negociadas, valor total (% del PIB)",CM.MKT.TRAD.GD.ZS,4.883114502,1.281058898,0.926918823,0.334683564,1.298258083,1.011870018,1.764921795,1.150312064,0.686996429,0.379742966,0.895374594,
Liberia,LBR,"Acciones negociadas, valor total (% del PIB)",CM.MKT.TRAD.GD.ZS,,,,,,,,,,,,
Libia,LBY,"Acciones negociadas, valor total (% del PIB)",CM.MKT.TRAD.GD.ZS,,,,,,,,,,,,
Santa Lucía,LCA,"Acciones negociadas, valor total (% del PIB)",CM.MKT.TRAD.GD.ZS,,,,,,,,,,,,
América Latina y el Caribe,LCN,"Acciones negociadas, valor total (% del PIB)",CM.MKT.TRAD.GD.ZS,25.05080587,19.48298482,20.14284788,18.4017776,15.663069,12.80812965,16.9939653,17.23101353,20.16690469,25.73849059,39.85520912,
Países menos desarrollados: clasificación de las Naciones Unidas,LDC,"Acciones negociadas, valor total (% del PIB)",CM.MKT.TRAD.GD.ZS,,,,,,,,,,,,
Países de ingreso bajo,LIC,"Acciones negociadas, valor total (% del PIB)",CM.MKT.TRAD.GD.ZS,,,,,,,,,,,,
Liechtenstein,LIE,"Acciones negociadas, valor total (% del PIB)",CM.MKT.TRAD.GD.ZS,,,,,,,,,,,,
Sri Lanka,LKA,"Acciones negociadas, valor total (% del PIB)",CM.MKT.TRAD.GD.ZS,8.805348662,7.345256218,2.44679543,2.062264848,3.274403032,2.224800512,1.460907845,2.745851933,1.247595658,1.122945281,2.115236129,
Países de ingreso mediano bajo,LMC,"Acciones negociadas, valor total (% del PIB)",CM.MKT.TRAD.GD.ZS,28.19546529,17.79027485,15.45124682,14.3537961,17.42203765,18.26608171,17.7745706,23.69117635,25.33572887,23.55447397,41.9171606,
Ingreso mediano y bajo,LMY,"Acciones negociadas, valor total (% del PIB)",CM.MKT.TRAD.GD.ZS,65.57113531,45.4738505,34.87443129,43.32621918,58.39810601,173.6323786,87.3285823,78.07004525,59.49627842,75.94344364,134.0093755,
Lesotho,LSO,"Acciones negociadas, valor total (% del PIB)",CM.MKT.TRAD.GD.ZS,,,,,,,,,,,,
avanzada del dividendo demográfico,LTE,"Acciones negociadas, valor total (% del PIB)",CM.MKT.TRAD.GD.ZS,78.93213939,53.9112951,39.94991263,52.00178149,71.37298202,226.4510361,110.0831343,94.62669165,67.89734654,91.88546089,160.2672219,
Lituania,LTU,"Acciones negociadas, valor total (% del PIB)",CM.MKT.TRAD.GD.ZS,,,,,,,,,,,,
Luxemburgo,LUX,"Acciones negociadas, valor total (% del PIB)",CM.MKT.TRAD.GD.ZS,0.316326973,0.19892609,0.192300024,0.183334345,0.160526563,0.159726102,0.11319308,0.142352663,0.11147733,0.069377454,0.065314184,
Letonia,LVA,"Acciones negociadas, valor total (% del PIB)",CM.MKT.TRAD.GD.ZS,,,,,,,,,,,,
"Región Administrativa Especial de Macao, China",MAC,"Acciones negociadas, valor total (% del PIB)",CM.MKT.TRAD.GD.ZS,,,,,,,,,,,,
Isla de San Martín (parte francesa),MAF,"Acciones negociadas, valor total (% del PIB)",CM.MKT.TRAD.GD.ZS,,,,,,,,,,,,
Marruecos,MAR,"Acciones negociadas, valor total (% del PIB)",CM.MKT.TRAD.GD.ZS,6.542064831,4.037191331,3.554616145,3.029946463,2.761478489,2.884962974,3.075815487,3.854239426,3.303767006,2.720053438,3.145764172,
Mónaco,MCO,"Acciones negociadas, valor total (% del PIB)",CM.MKT.TRAD.GD.ZS,,,,,,,,,,,,
República de Moldova,MDA,"Acciones negociadas, valor total (% del PIB)",CM.MKT.TRAD.GD.ZS,,,,,,,,,,,,
Madagascar,MDG,"Acciones negociadas, valor total (% del PIB)",CM.MKT.TRAD.GD.ZS,,,,,,,,,,,,
Maldivas,MDV,"Acciones negociadas, valor total (% del PIB)",CM.MKT.TRAD.GD.ZS,,,,,,,,,,,,
Oriente Medio y Norte de África,MEA,"Acciones negociadas, valor total (% del PIB)",CM.MKT.TRAD.GD.ZS,19.66310855,16.71072051,22.04214356,21.32600719,30.91510485,24.00708993,17.95478466,14.52428202,14.05960271,14.50154706,43.54748544,
México,MEX,"Acciones negociadas, valor total (% del PIB)",CM.MKT.TRAD.GD.ZS,10.50482359,8.45320957,9.964831219,12.84418755,9.733932018,8.845202246,10.37519152,9.411488375,7.673101409,6.672631529,7.607346811,
Islas Marshall,MHL,"Acciones negociadas, valor total (% del PIB)",CM.MKT.TRAD.GD.ZS,,,,,,,,,,,,
 Ingreso mediano,MIC,"Acciones negociadas, valor total (% del PIB)",CM.MKT.TRAD.GD.ZS,65.6427937,45.52198576,34.91252169,43.32621918,58.39810601,173.6323786,87.3285823,78.07004525,59.49627842,75.97028633,134.0093755,
Macedonia del Norte,MKD,"Acciones negociadas, valor total (% del PIB)",CM.MKT.TRAD.GD.ZS,,,,,,,,,,,,
Malí,MLI,"Acciones negociadas, valor total (% del PIB)",CM.MKT.TRAD.GD.ZS,,,,,,,,,,,,
Malta,MLT,"Acciones negociadas, valor total (% del PIB)",CM.MKT.TRAD.GD.ZS,0.537409969,0.505969733,0.465957409,0.638382894,0.528629903,0.800617811,0.633088134,0.780741537,0.645386762,0.639015198,0.480457297,
Myanmar,MMR,"Acciones negociadas, valor total (% del PIB)",CM.MKT.TRAD.GD.ZS,,,,,,,,,,,,
Oriente Medio y Norte de África (excluido altos ingresos),MNA,"Acciones negociadas, valor total (% del PIB)",CM.MKT.TRAD.GD.ZS,,3.676930708,,,,,3.587474702,,,,,
Montenegro,MNE,"Acciones negociadas, valor total (% del PIB)",CM.MKT.TRAD.GD.ZS,1.071678576,1.685327622,1.064406029,,,,,,,,,
Mongolia,MNG,"Acciones negociadas, valor total (% del PIB)",CM.MKT.TRAD.GD.ZS,,,,,,,,,,,,
Mariana,MNP,"Acciones negociadas, valor total (% del PIB)",CM.MKT.TRAD.GD.ZS,,,,,,,,,,,,
Mozambique,MOZ,"Acciones negociadas, valor total (% del PIB)",CM.MKT.TRAD.GD.ZS,,,,,,,,,,,,
Mauritania,MRT,"Acciones negociadas, valor total (% del PIB)",CM.MKT.TRAD.GD.ZS,,,,,,,,,,,,
Mauricio,MUS,"Acciones negociadas, valor total (% del PIB)",CM.MKT.TRAD.GD.ZS,3.64866069,4.427961294,2.535332702,2.648552959,3.618791397,3.940974057,2.612462869,3.390704556,3.208290833,2.657162746,2.844102702,
Malawi,MWI,"Acciones negociadas, valor total (% del PIB)",CM.MKT.TRAD.GD.ZS,,,,,,,,,,,,
Malasia,MYS,"Acciones negociadas, valor total (% del PIB)",CM.MKT.TRAD.GD.ZS,45.01247991,43.73775882,39.32577009,43.97595873,42.19682941,36.99349688,32.6252821,43.063022,37.71965684,29.73642045,73.76952412,
América del Norte,NAC,"Acciones negociadas, valor total (% del PIB)",CM.MKT.TRAD.GD.ZS,224.4974307,244.3734895,186.2899793,184.9080499,208.2362436,214.9536966,213.6673352,194.2941686,154.5435581,106.4991127,,
Namibia,NAM,"Acciones negociadas, valor total (% del PIB)",CM.MKT.TRAD.GD.ZS,0.177144673,0.101889244,0.459285124,0.278993846,0.561460909,,,,,0.781937411,0.345273616,
Nueva Caledonia,NCL,"Acciones negociadas, valor total (% del PIB)",CM.MKT.TRAD.GD.ZS,,,,,,,,,,,,
Níger,NER,"Acciones negociadas, valor total (% del PIB)",CM.MKT.TRAD.GD.ZS,,,,,,,,,,,,
Nigeria,NGA,"Acciones negociadas, valor total (% del PIB)",CM.MKT.TRAD.GD.ZS,1.412385245,0.956047221,0.898526082,1.224294509,0.938930277,0.83912538,0.373074029,0.587126265,0.651123814,0.606223199,0.574130403,
Nicaragua,NIC,"Acciones negociadas, valor total (% del PIB)",CM.MKT.TRAD.GD.ZS,,,,,,,,,,,,
Países Bajos,NLD,"Acciones negociadas, valor total (% del PIB)",CM.MKT.TRAD.GD.ZS,65.77826535,57.15980116,49.76167191,54.33279129,53.37302359,,,,,,,
Noruega,NOR,"Acciones negociadas, valor total (% del PIB)",CM.MKT.TRAD.GD.ZS,49.45022262,37.08543687,23.47510246,18.46571029,20.53134963,24.88298712,28.5587771,29.57936614,27.26965958,25.11556466,,
Nepal,NPL,"Acciones negociadas, valor total (% del PIB)",CM.MKT.TRAD.GD.ZS,,,,,,,,,,,,
Nauru,NRU,"Acciones negociadas, valor total (% del PIB)",CM.MKT.TRAD.GD.ZS,,,,,,,,,,,,
Nueva Zelandia,NZL,"Acciones negociadas, valor total (% del PIB)",CM.MKT.TRAD.GD.ZS,1.307693253,,3.034709363,4.636864913,4.299508041,5.087584256,5.790933084,5.743717023,5.74982606,5.843242695,10.48453446,
Miembros OCDE,OED,"Acciones negociadas, valor total (% del PIB)",CM.MKT.TRAD.GD.ZS,125.3832945,127.6537416,101.2527915,105.9011021,116.8353256,141.1146864,141.2825821,134.3266879,113.6370518,84.79596176,,
Omán,OMN,"Acciones negociadas, valor total (% del PIB)",CM.MKT.TRAD.GD.ZS,5.091940116,3.289059696,3.046247861,6.377466947,6.262154264,4.52248015,3.273111153,2.950689428,2.094493616,1.951604872,1.407138598,
Otros Estados pequeos,OSS,"Acciones negociadas, valor total (% del PIB)",CM.MKT.TRAD.GD.ZS,,,7.273771771,7.462299044,18.68851843,,,,,,,
Pakistán,PAK,"Acciones negociadas, valor total (% del PIB)",CM.MKT.TRAD.GD.ZS,6.57779371,4.51239137,5.337287969,0.243449307,0.220861858,,,,,,,
Panamá,PAN,"Acciones negociadas, valor total (% del PIB)",CM.MKT.TRAD.GD.ZS,0.230976004,0.934088407,1.771963162,0.417763213,0.497381243,,,,,0.558786595,0.389295174,
Perú,PER,"Acciones negociadas, valor total (% del PIB)",CM.MKT.TRAD.GD.ZS,2.706872347,3.013575718,2.740133624,1.577279782,1.607500497,0.764493928,1.404544525,3.003919346,1.022529533,0.697869485,1.047380786,
Filipinas,PHL,"Acciones negociadas, valor total (% del PIB)",CM.MKT.TRAD.GD.ZS,10.67786435,11.68430905,13.62399226,15.70570677,14.19011336,12.53663692,11.25185198,10.29116156,8.422806777,7.95987183,9.049884997,
Palau,PLW,"Acciones negociadas, valor total (% del PIB)",CM.MKT.TRAD.GD.ZS,,,,,,,,,,,,
Papua Nueva Guinea,PNG,"Acciones negociadas, valor total (% del PIB)",CM.MKT.TRAD.GD.ZS,0.18770935,0.403449325,,,0.295165814,0.081754664,0.307576412,0.003957329,,,,
Polonia,POL,"Acciones negociadas, valor total (% del PIB)",CM.MKT.TRAD.GD.ZS,14.47154309,13.83001978,12.08136462,13.93674923,10.65383781,11.01432776,9.656503725,12.91562172,9.320236646,8.437304507,13.98505931,
previa al dividendo demográfico,PRE,"Acciones negociadas, valor total (% del PIB)",CM.MKT.TRAD.GD.ZS,,,,,,,,,,,,
Puerto Rico,PRI,"Acciones negociadas, valor total (% del PIB)",CM.MKT.TRAD.GD.ZS,,,,,,,,,,,,
"Corea, República Popular Democrática de",PRK,"Acciones negociadas, valor total (% del PIB)",CM.MKT.TRAD.GD.ZS,,,,,,,,,,,,
Portugal,PRT,"Acciones negociadas, valor total (% del PIB)",CM.MKT.TRAD.GD.ZS,22.53188162,14.54220882,12.22626563,17.21160887,20.35852984,,,,,,,
Paraguay,PRY,"Acciones negociadas, valor total (% del PIB)",CM.MKT.TRAD.GD.ZS,,,,,,,,,,,,
Ribera Occidental y Gaza,PSE,"Acciones negociadas, valor total (% del PIB)",CM.MKT.TRAD.GD.ZS,3.862418014,2.703980833,1.98977753,1.778328586,2.529789774,2.292948957,2.894829086,2.908358135,2.17176806,1.598564216,1.223884056,
Estados pequeos de las Islas del Pacfico,PSS,"Acciones negociadas, valor total (% del PIB)",CM.MKT.TRAD.GD.ZS,,,,,,,,,,,,
posterior al dividendo demográfico,PST,"Acciones negociadas, valor total (% del PIB)",CM.MKT.TRAD.GD.ZS,135.9135196,138.444983,109.5306306,115.2442397,127.3497172,156.5705141,155.1260995,149.0063116,127.064379,93.61796228,,
Polinesia Francesa,PYF,"Acciones negociadas, valor total (% del PIB)",CM.MKT.TRAD.GD.ZS,,,,,,,,,,,,
Qatar,QAT,"Acciones negociadas, valor total (% del PIB)",CM.MKT.TRAD.GD.ZS,14.70681011,13.65433665,10.38892905,10.34813763,26.53888546,14.93271091,12.49316156,11.37820031,10.35267112,7.587218955,16.04746985,
Rumania,ROU,"Acciones negociadas, valor total (% del PIB)",CM.MKT.TRAD.GD.ZS,1.008728582,1.598321117,1.175427394,0.778002897,0.775522573,0.989977951,0.914814654,1.110727843,1.008401469,0.818191521,1.175670042,
Federación de Rusia,RUS,"Acciones negociadas, valor total (% del PIB)",CM.MKT.TRAD.GD.ZS,33.23799815,27.08952358,15.41078347,10.27318248,7.766921648,8.604201638,10.93200463,9.243726144,8.879960287,10.67390384,18.58428238,
Rwanda,RWA,"Acciones negociadas, valor total (% del PIB)",CM.MKT.TRAD.GD.ZS,,,,,,,,,,0.048086546,,
Asia meridional,SAS,"Acciones negociadas, valor total (% del PIB)",CM.MKT.TRAD.GD.ZS,53.45626381,33.95186175,28.95241896,24.83837826,30.77545202,34.3632551,31.21626955,40.68090816,42.18625034,39.78529421,62.8314634,
Arabia Saudita,SAU,"Acciones negociadas, valor total (% del PIB)",CM.MKT.TRAD.GD.ZS,38.09316864,43.41761272,69.45594331,48.53729917,75.01709651,66.78302137,47.50557805,31.71435301,28.11457951,27.47365125,69.01355614,
Sudán,SDN,"Acciones negociadas, valor total (% del PIB)",CM.MKT.TRAD.GD.ZS,,,,,,,,,,,,
Senegal,SEN,"Acciones negociadas, valor total (% del PIB)",CM.MKT.TRAD.GD.ZS,,,,,,,,,,,,
Singapur,SGP,"Acciones negociadas, valor total (% del PIB)",CM.MKT.TRAD.GD.ZS,127.5166469,98.33013095,88.36281326,90.62311534,63.71474459,64.29473841,58.98158634,63.99073607,58.22978568,30.41609962,,
Islas Salomón,SLB,"Acciones negociadas, valor total (% del PIB)",CM.MKT.TRAD.GD.ZS,,,,,,,,,,,,
Sierra Leona,SLE,"Acciones negociadas, valor total (% del PIB)",CM.MKT.TRAD.GD.ZS,,,,,,,,,,,,
El Salvador,SLV,"Acciones negociadas, valor total (% del PIB)",CM.MKT.TRAD.GD.ZS,,,,,,,,,,,,
San Marino,SMR,"Acciones negociadas, valor total (% del PIB)",CM.MKT.TRAD.GD.ZS,,,,,,,,,,,,
Somalia,SOM,"Acciones negociadas, valor total (% del PIB)",CM.MKT.TRAD.GD.ZS,,,,,,,,,,,,
Serbia,SRB,"Acciones negociadas, valor total (% del PIB)",CM.MKT.TRAD.GD.ZS,0.750774722,0.776805681,0.555539484,,,,,,,,,
África al sur del Sahara (excluido altos ingresos),SSA,"Acciones negociadas, valor total (% del PIB)",CM.MKT.TRAD.GD.ZS,,,,,,,,,,,,
Sudán del Sur,SSD,"Acciones negociadas, valor total (% del PIB)",CM.MKT.TRAD.GD.ZS,,,,,,,,,,,,
África al sur del Sahara,SSF,"Acciones negociadas, valor total (% del PIB)",CM.MKT.TRAD.GD.ZS,,,,,,,,,,,,
Pequeños Estados,SST,"Acciones negociadas, valor total (% del PIB)",CM.MKT.TRAD.GD.ZS,,,,,,,,,,,,
Santo Tomé y Príncipe,STP,"Acciones negociadas, valor total (% del PIB)",CM.MKT.TRAD.GD.ZS,,,,,,,,,,,,
Suriname,SUR,"Acciones negociadas, valor total (% del PIB)",CM.MKT.TRAD.GD.ZS,,,,,,,,,,,,
República Eslovaca,SVK,"Acciones negociadas, valor total (% del PIB)",CM.MKT.TRAD.GD.ZS,0.34021585,0.455117821,0.081631197,0.054733055,0.01012967,,,,,,,
Eslovenia,SVN,"Acciones negociadas, valor total (% del PIB)",CM.MKT.TRAD.GD.ZS,1.004060712,0.992752196,0.858585117,0.852162344,1.471762818,0.845629993,0.683031216,0.824930218,0.692466543,0.276749919,0.862200721,
Suecia,SWE,"Acciones negociadas, valor total (% del PIB)",CM.MKT.TRAD.GD.ZS,,,,,,,,,,,,
Eswatini,SWZ,"Acciones negociadas, valor total (% del PIB)",CM.MKT.TRAD.GD.ZS,,,,,,,,,,,,
Sint Maarten (Dutch part),SXM,"Acciones negociadas, valor total (% del PIB)",CM.MKT.TRAD.GD.ZS,,,,,,,,,,,,
Seychelles,SYC,"Acciones negociadas, valor total (% del PIB)",CM.MKT.TRAD.GD.ZS,,,,,11.3723356,,,,,,,
República Árabe Siria,SYR,"Acciones negociadas, valor total (% del PIB)",CM.MKT.TRAD.GD.ZS,,,,,,,,,,,,
Islas Turcas y Caicos,TCA,"Acciones negociadas, valor total (% del PIB)",CM.MKT.TRAD.GD.ZS,,,,,,,,,,,,
Chad,TCD,"Acciones negociadas, valor total (% del PIB)",CM.MKT.TRAD.GD.ZS,,,,,,,,,,,,
Asia oriental y el Pacífico (BIRF y la AIF),TEA,"Acciones negociadas, valor total (% del PIB)",CM.MKT.TRAD.GD.ZS,112.0943361,75.1099147,52.928911,71.18183363,99.28504646,302.0358986,140.0365,121.2895499,83.72244236,111.0913694,188.1722639,
Europa y Asia central (BIRF y la AIF),TEC,"Acciones negociadas, valor total (% del PIB)",CM.MKT.TRAD.GD.ZS,29.05883826,24.06849054,17.74612344,15.23836931,13.95164088,16.06283356,14.97302532,16.69168445,15.57154658,15.17715993,36.70601128,
Togo,TGO,"Acciones negociadas, valor total (% del PIB)",CM.MKT.TRAD.GD.ZS,,,,,,,,,,,,
Tailandia,THA,"Acciones negociadas, valor total (% del PIB)",CM.MKT.TRAD.GD.ZS,65.20900816,58.05286627,60.07961758,83.24625972,76.26067569,67.61004203,78.62248464,74.39981382,76.2780718,67.47263589,96.32110703,
Tayikistán,TJK,"Acciones negociadas, valor total (% del PIB)",CM.MKT.TRAD.GD.ZS,,,,,,,,,,,,
Turkmenistán,TKM,"Acciones negociadas, valor total (% del PIB)",CM.MKT.TRAD.GD.ZS,,,,,,,,,,,,
América Latina y el Caribe (BIRF y la AIF),TLA,"Acciones negociadas, valor total (% del PIB)",CM.MKT.TRAD.GD.ZS,25.09938277,19.51395746,20.17733279,18.41798622,15.67690175,12.821933,16.9939653,17.23101353,20.19096615,25.80142131,39.96359504,
Timor-Leste,TLS,"Acciones negociadas, valor total (% del PIB)",CM.MKT.TRAD.GD.ZS,,,,,,,,,,,,
Oriente Medio y Norte de África (BIRF y la AIF),TMN,"Acciones negociadas, valor total (% del PIB)",CM.MKT.TRAD.GD.ZS,,,,,,,3.598310453,,,,,
Tonga,TON,"Acciones negociadas, valor total (% del PIB)",CM.MKT.TRAD.GD.ZS,,,,,,,,,,,,
Asia meridional (BIRF y la AIF),TSA,"Acciones negociadas, valor total (% del PIB)",CM.MKT.TRAD.GD.ZS,53.45626381,33.95186175,28.95241896,24.83837826,30.77545202,34.3632551,31.21626955,40.68090816,42.18625034,39.78529421,62.8314634,
África al sur del Sahara (BIRF y la AIF),TSS,"Acciones negociadas, valor total (% del PIB)",CM.MKT.TRAD.GD.ZS,,,,,,,,,,,,
Trinidad y Tobago,TTO,"Acciones negociadas, valor total (% del PIB)",CM.MKT.TRAD.GD.ZS,,,,,,,,,,,,
Túnez,TUN,"Acciones negociadas, valor total (% del PIB)",CM.MKT.TRAD.GD.ZS,3.972636341,2.183271146,2.644830551,0.948768009,1.764832047,,,,,,,
Turquía,TUR,"Acciones negociadas, valor total (% del PIB)",CM.MKT.TRAD.GD.ZS,51.8985908,43.04863655,40.76132317,39.07470292,39.37852334,40.45793886,32.40313276,43.92376779,47.50466184,45.68027442,120.6463064,
Tuvalu,TUV,"Acciones negociadas, valor total (% del PIB)",CM.MKT.TRAD.GD.ZS,,,,,,,,,,,,
Tanzanía,TZA,"Acciones negociadas, valor total (% del PIB)",CM.MKT.TRAD.GD.ZS,,,,,,,,,,,0.02967487,
Uganda,UGA,"Acciones negociadas, valor total (% del PIB)",CM.MKT.TRAD.GD.ZS,,,,,,,,,,,,
Ucrania,UKR,"Acciones negociadas, valor total (% del PIB)",CM.MKT.TRAD.GD.ZS,2.010270325,0.695493294,0.342237653,0.173019452,0.091967687,0.038020032,0.013550282,0.017369888,0.009114451,0.000857795,,
Ingreso mediano alto,UMC,"Acciones negociadas, valor total (% del PIB)",CM.MKT.TRAD.GD.ZS,78.23052672,54.27834315,40.68505317,51.72729149,70.26675511,218.4047049,108.6185842,94.06122053,68.89671293,91.33300111,160.7682659,
Uruguay,URY,"Acciones negociadas, valor total (% del PIB)",CM.MKT.TRAD.GD.ZS,,,,,,,,,,,,
Estados Unidos,USA,"Acciones negociadas, valor total (% del PIB)",CM.MKT.TRAD.GD.ZS,239.3877551,263.1170677,199.0249809,197.3928424,222.0805473,227.389074,225.0392114,204.2436211,160.8953799,108.5136043,,
Uzbekistán,UZB,"Acciones negociadas, valor total (% del PIB)",CM.MKT.TRAD.GD.ZS,,,,,,,,,,,,
San Vicente y las Granadinas,VCT,"Acciones negociadas, valor total (% del PIB)",CM.MKT.TRAD.GD.ZS,,,,,,,,,,,,
Venezuela,VEN,"Acciones negociadas, valor total (% del PIB)",CM.MKT.TRAD.GD.ZS,,,,,,,,,,,,
Islas Vírgenes Británicas,VGB,"Acciones negociadas, valor total (% del PIB)",CM.MKT.TRAD.GD.ZS,,,,,,,,,,,,
Islas Vírgenes (EE.UU.),VIR,"Acciones negociadas, valor total (% del PIB)",CM.MKT.TRAD.GD.ZS,,,,,,,,,,,,
Viet Nam,VNM,"Acciones negociadas, valor total (% del PIB)",CM.MKT.TRAD.GD.ZS,20.96244881,6.676869965,,6.534296276,12.79206511,9.924862737,10.50738624,15.74374858,17.10507636,9.552221013,16.56520048,
Vanuatu,VUT,"Acciones negociadas, valor total (% del PIB)",CM.MKT.TRAD.GD.ZS,,,,,,,,,,,,
Mundo,WLD,"Acciones negociadas, valor total (% del PIB)",CM.MKT.TRAD.GD.ZS,111.7451609,104.4960718,81.86667579,87.45614209,99.99765211,157.1486144,123.0514798,115.38841,95.61342075,83.90667883,,
Samoa,WSM,"Acciones negociadas, valor total (% del PIB)",CM.MKT.TRAD.GD.ZS,,,,,,,,,,,,
Kosovo,XKX,"Acciones negociadas, valor total (% del PIB)",CM.MKT.TRAD.GD.ZS,,,,,,,,,,,,
"Yemen, Rep. del",YEM,"Acciones negociadas, valor total (% del PIB)",CM.MKT.TRAD.GD.ZS,,,,,,,,,,,,
Sudáfrica,ZAF,"Acciones negociadas, valor total (% del PIB)",CM.MKT.TRAD.GD.ZS,66.42237343,49.28639104,52.22462369,57.93428359,64.4536591,67.48825861,124.3685526,107.4108303,72.87098518,73.41872548,87.59549228,
Zambia,ZMB,"Acciones negociadas, valor total (% del PIB)",CM.MKT.TRAD.GD.ZS,0.098837636,0.087384585,0.071363984,,,,,,,,,
Zimbabwe,ZWE,"Acciones negociadas, valor total (% del PIB)",CM.MKT.TRAD.GD.ZS,,,,,,,,,,,,
